zone,datetime,createdAt,updatedAt,value,unit,source,isEstimated,estimationMethod
VN,2024-01-01 00:00:00+00:00,2025-11-06T11:15:07.949Z,2025-11-17T10:19:01.960Z,704726.3189779508,MWh,ESTIMATED_GENERAL_PURPOSE_ZONE_MODEL,True,SANDBOX_MODE_DATA
VN,2024-01-02 00:00:00+00:00,2025-11-06T11:15:07.949Z,2025-11-17T10:19:01.960Z,790001.6421990462,MWh,ESTIMATED_GENERAL_PURPOSE_ZONE_MODEL,True,SANDBOX_MODE_DATA
VN,2024-01-03 00:00:00+00:00,2025-11-06T11:15:07.949Z,2025-11-17T10:19:01.960Z,581571.102747732,MWh,ESTIMATED_GENERAL_PURPOSE_ZONE_MODEL,True,SANDBOX_MODE_DATA
VN,2024-01-04 00:00:00+00:00,2025-11-06T11:15:07.949Z,2025-11-17T10:19:01.960Z,630355.2621190617,MWh,ESTIMATED_GENERAL_PURPOSE_ZONE_MODEL,True,SANDBOX_MODE_DATA
VN,2024-01-05 00:00:00+00:00,2025-11-06T11:15:07.949Z,2025-11-17T10:19:01.960Z,874630.2117975012,MWh,ESTIMATED_GENERAL_PURPOSE_ZONE_MODEL,True,SANDBOX_MODE_DATA
VN,2024-01-06 00:00:00+00:00,2025-11-06T11:15:07.949Z,2025-11-17T10:19:01.960Z,629903.5729942803,MWh,ESTIMATED_GENERAL_PURPOSE_ZONE_MODEL,True,SANDBOX_MODE_DATA
VN,2024-01-07 00:00:00+00:00,2025-11-06T11:15:07.949Z,2025-11-17T10:19:01.960Z,777836.6135277745,MWh,ESTIMATED_GENERAL_PURPOSE_ZONE_MODEL,True,SANDBOX_MODE_DATA
VN,2024-01-08 00:00:00+00:00,2025-11-06T11:15:07.949Z,2025-11-17T10:19:01.960Z,648008.6016660264,MWh,ESTIMATED_GENERAL_PURPOSE_ZONE_MODEL,True,SANDBOX_MODE_DATA
VN,2024-01-09 00:00:00+00:00,2025-11-06T11:15:07.949Z,2025-11-17T10:19:01.960Z,925126.5925294915,MWh,ESTIMATED_GENERAL_PURPOSE_ZONE_MODEL,True,SANDBOX_MODE_DATA
VN,2024-01-10 00:00:00+00:00,2025-11-06T11:15:07.949Z,2025-11-17T10:19:01.960Z,605808.7652833124,MWh,ESTIMATED_GENERAL_PURPOSE_ZONE_MODEL,True,SANDBOX_MODE_DATA
VN,2024-01-11 00:00:00+00:00,2025-11-06T11:15:07.949Z,2025-11-17T10:19:01.960Z,762023.8355228497,MWh,ESTIMATED_GENERAL_PURPOSE_ZONE_MODEL,True,SANDBOX_MODE_DATA
VN,2024-01-12 00:00:00+00:00,2025-11-06T11:15:07.949Z,2025-11-17T10:19:01.960Z,728536.3504294639,MWh,ESTIMATED_GENERAL_PURPOSE_ZONE_MODEL,True,SANDBOX_MODE_DATA
VN,2024-01-13 00:00:00+00:00,2025-11-06T11:15:07.949Z,2025-11-17T10:19:01.960Z,567263.1186146981,MWh,ESTIMATED_GENERAL_PURPOSE_ZONE_MODEL,True,SANDBOX_MODE_DATA
VN,2024-01-14 00:00:00+00:00,2025-11-06T11:15:07.949Z,2025-11-17T10:19:01.960Z,811550.0056582979,MWh,ESTIMATED_GENERAL_PURPOSE_ZONE_MODEL,True,SANDBOX_MODE_DATA
VN,2024-01-15 00:00:00+00:00,2025-11-06T11:15:07.949Z,2025-11-17T10:19:01.960Z,809180.6562741506,MWh,ESTIMATED_GENERAL_PURPOSE_ZONE_MODEL,True,SANDBOX_MODE_DATA
VN,2024-01-16 00:00:00+00:00,2025-11-06T11:15:07.949Z,2025-11-17T10:19:01.960Z,841896.0573358973,MWh,ESTIMATED_GENERAL_PURPOSE_ZONE_MODEL,True,SANDBOX_MODE_DATA
VN,2024-01-17 00:00:00+00:00,2025-11-06T11:15:07.949Z,2025-11-17T10:19:01.960Z,726024.361299386,MWh,ESTIMATED_GENERAL_PURPOSE_ZONE_MODEL,True,SANDBOX_MODE_DATA
VN,2024-01-18 00:00:00+00:00,2025-11-06T11:15:07.949Z,2025-11-17T10:19:01.960Z,706301.8682591157,MWh,ESTIMATED_GENERAL_PURPOSE_ZONE_MODEL,True,SANDBOX_MODE_DATA
VN,2024-01-19 00:00:00+00:00,2025-11-06T11:15:07.949Z,2025-11-17T10:19:01.960Z,965159.9535968965,MWh,ESTIMATED_GENERAL_PURPOSE_ZONE_MODEL,True,SANDBOX_MODE_DATA
VN,2024-01-20 00:00:00+00:00,2025-11-06T11:15:07.949Z,2025-11-17T10:19:01.960Z,833148.3195577544,MWh,ESTIMATED_GENERAL_PURPOSE_ZONE_MODEL,True,SANDBOX_MODE_DATA
VN,2024-01-21 00:00:00+00:00,2025-11-06T11:15:07.949Z,2025-11-17T10:19:01.960Z,834017.1700598364,MWh,ESTIMATED_GENERAL_PURPOSE_ZONE_MODEL,True,SANDBOX_MODE_DATA
VN,2024-01-22 00:00:00+00:00,2025-11-06T11:15:07.949Z,2025-11-17T10:19:01.960Z,761333.450499915,MWh,ESTIMATED_GENERAL_PURPOSE_ZONE_MODEL,True,SANDBOX_MODE_DATA
VN,2024-01-23 00:00:00+00:00,2025-11-06T11:15:07.949Z,2025-11-17T10:19:01.960Z,625614.2856139874,MWh,ESTIMATED_GENERAL_PURPOSE_ZONE_MODEL,True,SANDBOX_MODE_DATA
VN,2024-01-24 00:00:00+00:00,2025-11-06T11:15:07.949Z,2025-11-17T10:19:01.960Z,815908.2069438156,MWh,ESTIMATED_GENERAL_PURPOSE_ZONE_MODEL,True,SANDBOX_MODE_DATA
VN,2024-01-25 00:00:00+00:00,2025-11-06T11:15:07.949Z,2025-11-17T10:19:01.960Z,587695.953737279,MWh,ESTIMATED_GENERAL_PURPOSE_ZONE_MODEL,True,SANDBOX_MODE_DATA
VN,2024-01-26 00:00:00+00:00,2025-11-06T11:15:07.949Z,2025-11-17T10:19:01.960Z,776707.8594010603,MWh,ESTIMATED_GENERAL_PURPOSE_ZONE_MODEL,True,SANDBOX_MODE_DATA
VN,2024-01-27 00:00:00+00:00,2025-11-06T11:15:07.949Z,2025-11-17T10:19:01.960Z,571666.1921122208,MWh,ESTIMATED_GENERAL_PURPOSE_ZONE_MODEL,True,SANDBOX_MODE_DATA
VN,2024-01-28 00:00:00+00:00,2025-11-06T11:15:07.949Z,2025-11-17T10:19:01.960Z,806088.4336547999,MWh,ESTIMATED_GENERAL_PURPOSE_ZONE_MODEL,True,SANDBOX_MODE_DATA
VN,2024-01-29 00:00:00+00:00,2025-11-06T11:15:07.949Z,2025-11-17T10:19:01.960Z,699096.116386624,MWh,ESTIMATED_GENERAL_PURPOSE_ZONE_MODEL,True,SANDBOX_MODE_DATA
VN,2024-01-30 00:00:00+00:00,2025-11-06T11:15:07.949Z,2025-11-17T10:19:01.960Z,736825.9685204651,MWh,ESTIMATED_GENERAL_PURPOSE_ZONE_MODEL,True,SANDBOX_MODE_DATA
VN,2024-01-31 00:00:00+00:00,2025-11-06T11:15:07.949Z,2025-11-17T10:19:01.960Z,787035.4846960263,MWh,ESTIMATED_GENERAL_PURPOSE_ZONE_MODEL,True,SANDBOX_MODE_DATA
VN,2024-02-01 00:00:00+00:00,2025-11-06T11:15:07.949Z,2025-11-17T10:19:01.960Z,917686.9340706532,MWh,ESTIMATED_GENERAL_PURPOSE_ZONE_MODEL,True,SANDBOX_MODE_DATA
VN,2024-02-02 00:00:00+00:00,2025-11-06T11:15:07.949Z,2025-11-17T10:19:01.960Z,853697.4585369511,MWh,ESTIMATED_GENERAL_PURPOSE_ZONE_MODEL,True,SANDBOX_MODE_DATA
VN,2024-02-03 00:00:00+00:00,2025-11-06T11:15:07.949Z,2025-11-17T10:19:01.960Z,707169.5283255618,MWh,ESTIMATED_GENERAL_PURPOSE_ZONE_MODEL,True,SANDBOX_MODE_DATA
VN,2024-02-04 00:00:00+00:00,2025-11-06T11:15:07.949Z,2025-11-17T10:19:01.960Z,696051.9616676033,MWh,ESTIMATED_GENERAL_PURPOSE_ZONE_MODEL,True,SANDBOX_MODE_DATA
VN,2024-02-05 00:00:00+00:00,2025-11-06T11:15:07.949Z,2025-11-17T10:19:01.960Z,814546.5619745833,MWh,ESTIMATED_GENERAL_PURPOSE_ZONE_MODEL,True,SANDBOX_MODE_DATA
VN,2024-02-06 00:00:00+00:00,2025-11-06T11:15:07.949Z,2025-11-17T10:19:01.960Z,826074.1841935248,MWh,ESTIMATED_GENERAL_PURPOSE_ZONE_MODEL,True,SANDBOX_MODE_DATA
VN,2024-02-07 00:00:00+00:00,2025-11-06T11:15:07.949Z,2025-11-17T10:19:01.960Z,770950.5182435841,MWh,ESTIMATED_GENERAL_PURPOSE_ZONE_MODEL,True,SANDBOX_MODE_DATA
VN,2024-02-08 00:00:00+00:00,2025-11-06T11:15:07.949Z,2025-11-17T10:19:01.960Z,951458.8465199838,MWh,ESTIMATED_GENERAL_PURPOSE_ZONE_MODEL,True,SANDBOX_MODE_DATA
VN,2024-02-09 00:00:00+00:00,2025-11-06T11:15:07.949Z,2025-11-17T10:19:01.960Z,883353.5136085608,MWh,ESTIMATED_GENERAL_PURPOSE_ZONE_MODEL,True,SANDBOX_MODE_DATA
VN,2024-02-10 00:00:00+00:00,2025-11-06T11:15:07.949Z,2025-11-17T10:19:01.960Z,646116.063272591,MWh,ESTIMATED_GENERAL_PURPOSE_ZONE_MODEL,True,SANDBOX_MODE_DATA
VN,2024-02-11 00:00:00+00:00,2025-11-06T11:15:07.949Z,2025-11-17T10:19:01.960Z,609842.502187611,MWh,ESTIMATED_GENERAL_PURPOSE_ZONE_MODEL,True,SANDBOX_MODE_DATA
VN,2024-02-12 00:00:00+00:00,2025-11-06T11:15:07.949Z,2025-11-17T10:19:01.960Z,632988.8471750604,MWh,ESTIMATED_GENERAL_PURPOSE_ZONE_MODEL,True,SANDBOX_MODE_DATA
VN,2024-02-13 00:00:00+00:00,2025-11-06T11:15:07.949Z,2025-11-17T10:19:01.960Z,854584.0450097206,MWh,ESTIMATED_GENERAL_PURPOSE_ZONE_MODEL,True,SANDBOX_MODE_DATA
VN,2024-02-14 00:00:00+00:00,2025-11-06T11:15:07.949Z,2025-11-17T10:19:01.960Z,835922.6066165285,MWh,ESTIMATED_GENERAL_PURPOSE_ZONE_MODEL,True,SANDBOX_MODE_DATA
VN,2024-02-15 00:00:00+00:00,2025-11-06T11:15:07.949Z,2025-11-17T10:19:01.960Z,761839.443842816,MWh,ESTIMATED_GENERAL_PURPOSE_ZONE_MODEL,True,SANDBOX_MODE_DATA
VN,2024-02-16 00:00:00+00:00,2025-11-06T11:15:07.949Z,2025-11-17T10:19:01.960Z,918224.2346277633,MWh,ESTIMATED_GENERAL_PURPOSE_ZONE_MODEL,True,SANDBOX_MODE_DATA
VN,2024-02-17 00:00:00+00:00,2025-11-06T11:15:07.949Z,2025-11-17T10:19:01.960Z,897705.9298605088,MWh,ESTIMATED_GENERAL_PURPOSE_ZONE_MODEL,True,SANDBOX_MODE_DATA
VN,2024-02-18 00:00:00+00:00,2025-11-06T11:15:07.949Z,2025-11-17T10:19:01.960Z,893698.4929377767,MWh,ESTIMATED_GENERAL_PURPOSE_ZONE_MODEL,True,SANDBOX_MODE_DATA
VN,2024-02-19 00:00:00+00:00,2025-11-06T11:15:07.949Z,2025-11-17T10:19:01.960Z,905936.0067436411,MWh,ESTIMATED_GENERAL_PURPOSE_ZONE_MODEL,True,SANDBOX_MODE_DATA
VN,2024-02-20 00:00:00+00:00,2025-11-06T11:15:07.949Z,2025-11-17T10:19:01.960Z,821654.7786258195,MWh,ESTIMATED_GENERAL_PURPOSE_ZONE_MODEL,True,SANDBOX_MODE_DATA
VN,2024-02-21 00:00:00+00:00,2025-11-06T11:15:07.949Z,2025-11-17T10:19:01.960Z,645124.944809723,MWh,ESTIMATED_GENERAL_PURPOSE_ZONE_MODEL,True,SANDBOX_MODE_DATA
VN,2024-02-22 00:00:00+00:00,2025-11-06T11:15:07.949Z,2025-11-17T10:19:01.960Z,705825.479982422,MWh,ESTIMATED_GENERAL_PURPOSE_ZONE_MODEL,True,SANDBOX_MODE_DATA
VN,2024-02-23 00:00:00+00:00,2025-11-06T11:15:07.949Z,2025-11-17T10:19:01.960Z,797929.5201440115,MWh,ESTIMATED_GENERAL_PURPOSE_ZONE_MODEL,True,SANDBOX_MODE_DATA
VN,2024-02-24 00:00:00+00:00,2025-11-06T11:15:07.949Z,2025-11-17T10:19:01.960Z,648821.9988656455,MWh,ESTIMATED_GENERAL_PURPOSE_ZONE_MODEL,True,SANDBOX_MODE_DATA
VN,2024-02-25 00:00:00+00:00,2025-11-06T11:15:07.949Z,2025-11-17T10:19:01.960Z,763610.9932652048,MWh,ESTIMATED_GENERAL_PURPOSE_ZONE_MODEL,True,SANDBOX_MODE_DATA
VN,2024-02-26 00:00:00+00:00,2025-11-06T11:15:07.949Z,2025-11-17T10:19:01.960Z,723038.1057147013,MWh,ESTIMATED_GENERAL_PURPOSE_ZONE_MODEL,True,SANDBOX_MODE_DATA
VN,2024-02-27 00:00:00+00:00,2025-11-06T11:15:07.949Z,2025-11-17T10:19:01.960Z,769375.9561843603,MWh,ESTIMATED_GENERAL_PURPOSE_ZONE_MODEL,True,SANDBOX_MODE_DATA
VN,2024-02-28 00:00:00+00:00,2025-11-06T11:15:07.949Z,2025-11-17T10:19:01.960Z,661140.1841213437,MWh,ESTIMATED_GENERAL_PURPOSE_ZONE_MODEL,True,SANDBOX_MODE_DATA
VN,2024-02-29 00:00:00+00:00,2025-11-06T11:15:07.949Z,2025-11-17T10:19:01.960Z,672838.3965637004,MWh,ESTIMATED_GENERAL_PURPOSE_ZONE_MODEL,True,SANDBOX_MODE_DATA
VN,2024-03-01 00:00:00+00:00,2025-11-06T11:15:07.949Z,2025-11-17T10:19:01.960Z,740279.0417541933,MWh,ESTIMATED_GENERAL_PURPOSE_ZONE_MODEL,True,SANDBOX_MODE_DATA
VN,2024-03-02 00:00:00+00:00,2025-11-06T11:15:07.949Z,2025-11-17T10:19:01.960Z,590672.7886188306,MWh,ESTIMATED_GENERAL_PURPOSE_ZONE_MODEL,True,SANDBOX_MODE_DATA
VN,2024-03-03 00:00:00+00:00,2025-11-06T11:15:07.949Z,2025-11-17T10:19:01.960Z,690337.4363538036,MWh,ESTIMATED_GENERAL_PURPOSE_ZONE_MODEL,True,SANDBOX_MODE_DATA
VN,2024-03-04 00:00:00+00:00,2025-11-06T11:15:07.949Z,2025-11-17T10:19:01.960Z,834627.697160384,MWh,ESTIMATED_GENERAL_PURPOSE_ZONE_MODEL,True,SANDBOX_MODE_DATA
VN,2024-03-05 00:00:00+00:00,2025-11-06T11:15:07.949Z,2025-11-17T10:19:01.960Z,857579.786911428,MWh,ESTIMATED_GENERAL_PURPOSE_ZONE_MODEL,True,SANDBOX_MODE_DATA
VN,2024-03-06 00:00:00+00:00,2025-11-06T11:15:07.949Z,2025-11-17T10:19:01.960Z,820240.4433272482,MWh,ESTIMATED_GENERAL_PURPOSE_ZONE_MODEL,True,SANDBOX_MODE_DATA
VN,2024-03-07 00:00:00+00:00,2025-11-06T11:15:07.949Z,2025-11-17T10:19:01.960Z,708763.8890491176,MWh,ESTIMATED_GENERAL_PURPOSE_ZONE_MODEL,True,SANDBOX_MODE_DATA
VN,2024-03-08 00:00:00+00:00,2025-11-06T11:15:07.949Z,2025-11-17T10:19:01.960Z,784523.5761304825,MWh,ESTIMATED_GENERAL_PURPOSE_ZONE_MODEL,True,SANDBOX_MODE_DATA
VN,2024-03-09 00:00:00+00:00,2025-11-06T11:15:07.949Z,2025-11-17T10:19:01.960Z,642868.4463796441,MWh,ESTIMATED_GENERAL_PURPOSE_ZONE_MODEL,True,SANDBOX_MODE_DATA
VN,2024-03-10 00:00:00+00:00,2025-11-06T11:15:07.949Z,2025-11-17T10:19:01.960Z,535969.0494862479,MWh,ESTIMATED_GENERAL_PURPOSE_ZONE_MODEL,True,SANDBOX_MODE_DATA
VN,2024-03-11 00:00:00+00:00,2025-11-06T11:15:07.949Z,2025-11-17T10:19:01.960Z,696440.2202002124,MWh,ESTIMATED_GENERAL_PURPOSE_ZONE_MODEL,True,SANDBOX_MODE_DATA
VN,2024-03-12 00:00:00+00:00,2025-11-06T11:15:07.949Z,2025-11-17T10:19:01.960Z,887134.6226602636,MWh,ESTIMATED_GENERAL_PURPOSE_ZONE_MODEL,True,SANDBOX_MODE_DATA
VN,2024-03-13 00:00:00+00:00,2025-11-06T11:15:07.949Z,2025-11-17T10:19:01.960Z,610075.3717158221,MWh,ESTIMATED_GENERAL_PURPOSE_ZONE_MODEL,True,SANDBOX_MODE_DATA
VN,2024-03-14 00:00:00+00:00,2025-11-06T11:15:07.949Z,2025-11-17T10:19:01.960Z,781465.8499508125,MWh,ESTIMATED_GENERAL_PURPOSE_ZONE_MODEL,True,SANDBOX_MODE_DATA
VN,2024-03-15 00:00:00+00:00,2025-11-06T11:15:07.949Z,2025-11-17T10:19:01.960Z,683127.1786309052,MWh,ESTIMATED_GENERAL_PURPOSE_ZONE_MODEL,True,SANDBOX_MODE_DATA
VN,2024-03-16 00:00:00+00:00,2025-11-06T11:15:07.949Z,2025-11-17T10:19:01.960Z,693088.3181516889,MWh,ESTIMATED_GENERAL_PURPOSE_ZONE_MODEL,True,SANDBOX_MODE_DATA
VN,2024-03-17 00:00:00+00:00,2025-11-06T11:15:07.949Z,2025-11-17T10:19:01.960Z,567409.7757782574,MWh,ESTIMATED_GENERAL_PURPOSE_ZONE_MODEL,True,SANDBOX_MODE_DATA
VN,2024-03-18 00:00:00+00:00,2025-11-06T11:15:07.949Z,2025-11-17T10:19:01.960Z,563073.755258187,MWh,ESTIMATED_GENERAL_PURPOSE_ZONE_MODEL,True,SANDBOX_MODE_DATA
VN,2024-03-19 00:00:00+00:00,2025-11-06T11:15:07.949Z,2025-11-17T10:19:01.960Z,584702.5825590497,MWh,ESTIMATED_GENERAL_PURPOSE_ZONE_MODEL,True,SANDBOX_MODE_DATA
VN,2024-03-20 00:00:00+00:00,2025-11-06T11:15:07.949Z,2025-11-17T10:19:01.960Z,839867.2425381825,MWh,ESTIMATED_GENERAL_PURPOSE_ZONE_MODEL,True,SANDBOX_MODE_DATA
VN,2024-03-21 00:00:00+00:00,2025-11-06T11:15:07.949Z,2025-11-17T10:19:01.960Z,596944.6930716541,MWh,ESTIMATED_GENERAL_PURPOSE_ZONE_MODEL,True,SANDBOX_MODE_DATA
VN,2024-03-22 00:00:00+00:00,2025-11-06T11:15:07.949Z,2025-11-17T10:19:01.960Z,778321.5787988198,MWh,ESTIMATED_GENERAL_PURPOSE_ZONE_MODEL,True,SANDBOX_MODE_DATA
VN,2024-03-23 00:00:00+00:00,2025-11-06T11:15:07.949Z,2025-11-17T10:19:01.960Z,741126.5128703465,MWh,ESTIMATED_GENERAL_PURPOSE_ZONE_MODEL,True,SANDBOX_MODE_DATA
VN,2024-03-24 00:00:00+00:00,2025-11-06T11:15:07.949Z,2025-11-17T10:19:01.960Z,685422.8131478736,MWh,ESTIMATED_GENERAL_PURPOSE_ZONE_MODEL,True,SANDBOX_MODE_DATA
VN,2024-03-25 00:00:00+00:00,2025-11-06T11:15:07.949Z,2025-11-17T10:19:01.960Z,547611.4511523233,MWh,ESTIMATED_GENERAL_PURPOSE_ZONE_MODEL,True,SANDBOX_MODE_DATA
VN,2024-03-26 00:00:00+00:00,2025-11-06T11:15:07.949Z,2025-11-17T10:19:01.960Z,723187.0408600956,MWh,ESTIMATED_GENERAL_PURPOSE_ZONE_MODEL,True,SANDBOX_MODE_DATA
VN,2024-03-27 00:00:00+00:00,2025-11-06T11:15:07.949Z,2025-11-17T10:19:01.960Z,650997.47899976,MWh,ESTIMATED_GENERAL_PURPOSE_ZONE_MODEL,True,SANDBOX_MODE_DATA
VN,2024-03-28 00:00:00+00:00,2025-11-06T11:15:07.949Z,2025-11-17T10:19:01.960Z,732132.3012387444,MWh,ESTIMATED_GENERAL_PURPOSE_ZONE_MODEL,True,SANDBOX_MODE_DATA
VN,2024-03-29 00:00:00+00:00,2025-11-06T11:15:07.949Z,2025-11-17T10:19:01.960Z,716413.4754506543,MWh,ESTIMATED_GENERAL_PURPOSE_ZONE_MODEL,True,SANDBOX_MODE_DATA
VN,2024-03-30 00:00:00+00:00,2025-11-06T11:15:07.949Z,2025-11-17T10:19:01.960Z,628667.9953671506,MWh,ESTIMATED_GENERAL_PURPOSE_ZONE_MODEL,True,SANDBOX_MODE_DATA
VN,2024-03-31 00:00:00+00:00,2025-11-06T11:15:07.949Z,2025-11-17T10:19:01.960Z,712237.7686377034,MWh,ESTIMATED_GENERAL_PURPOSE_ZONE_MODEL,True,SANDBOX_MODE_DATA
VN,2024-04-01 00:00:00+00:00,2025-11-06T11:15:07.949Z,2025-11-17T10:19:01.960Z,633248.3218549875,MWh,ESTIMATED_GENERAL_PURPOSE_ZONE_MODEL,True,SANDBOX_MODE_DATA
VN,2024-04-02 00:00:00+00:00,2025-11-06T11:15:07.949Z,2025-11-17T10:19:01.960Z,729145.2793534986,MWh,ESTIMATED_GENERAL_PURPOSE_ZONE_MODEL,True,SANDBOX_MODE_DATA
VN,2024-04-03 00:00:00+00:00,2025-11-06T11:15:07.949Z,2025-11-17T10:19:01.960Z,650766.9164208947,MWh,ESTIMATED_GENERAL_PURPOSE_ZONE_MODEL,True,SANDBOX_MODE_DATA
VN,2024-04-04 00:00:00+00:00,2025-11-06T11:15:07.949Z,2025-11-17T10:19:01.960Z,806890.9837747779,MWh,ESTIMATED_GENERAL_PURPOSE_ZONE_MODEL,True,SANDBOX_MODE_DATA
VN,2024-04-05 00:00:00+00:00,2025-11-06T11:15:07.949Z,2025-11-17T10:19:01.960Z,697243.8170690687,MWh,ESTIMATED_GENERAL_PURPOSE_ZONE_MODEL,True,SANDBOX_MODE_DATA
VN,2024-04-06 00:00:00+00:00,2025-11-06T11:15:07.949Z,2025-11-17T10:19:01.960Z,709616.95713311,MWh,ESTIMATED_GENERAL_PURPOSE_ZONE_MODEL,True,SANDBOX_MODE_DATA
VN,2024-04-07 00:00:00+00:00,2025-11-06T11:15:07.949Z,2025-11-17T10:19:01.960Z,788605.9338197208,MWh,ESTIMATED_GENERAL_PURPOSE_ZONE_MODEL,True,SANDBOX_MODE_DATA
VN,2024-04-08 00:00:00+00:00,2025-11-06T11:15:07.949Z,2025-11-17T10:19:01.960Z,974739.3712242071,MWh,ESTIMATED_GENERAL_PURPOSE_ZONE_MODEL,True,SANDBOX_MODE_DATA
VN,2024-04-09 00:00:00+00:00,2025-11-06T11:15:07.949Z,2025-11-17T10:19:01.960Z,912531.9009839771,MWh,ESTIMATED_GENERAL_PURPOSE_ZONE_MODEL,True,SANDBOX_MODE_DATA
VN,2024-04-10 00:00:00+00:00,2025-11-06T11:15:07.949Z,2025-11-17T10:19:01.960Z,867944.0873038846,MWh,ESTIMATED_GENERAL_PURPOSE_ZONE_MODEL,True,SANDBOX_MODE_DATA
VN,2024-04-11 00:00:00+00:00,2025-11-06T11:15:07.949Z,2025-11-17T10:19:01.960Z,954638.9314417273,MWh,ESTIMATED_GENERAL_PURPOSE_ZONE_MODEL,True,SANDBOX_MODE_DATA
VN,2024-04-12 00:00:00+00:00,2025-11-06T11:15:07.949Z,2025-11-17T10:19:01.960Z,692790.8308465582,MWh,ESTIMATED_GENERAL_PURPOSE_ZONE_MODEL,True,SANDBOX_MODE_DATA
VN,2024-04-13 00:00:00+00:00,2025-11-06T11:15:07.949Z,2025-11-17T10:19:01.960Z,710887.9742915948,MWh,ESTIMATED_GENERAL_PURPOSE_ZONE_MODEL,True,SANDBOX_MODE_DATA
VN,2024-04-14 00:00:00+00:00,2025-11-06T11:15:07.949Z,2025-11-17T10:19:01.960Z,981984.3669444148,MWh,ESTIMATED_GENERAL_PURPOSE_ZONE_MODEL,True,SANDBOX_MODE_DATA
VN,2024-04-15 00:00:00+00:00,2025-11-06T11:15:07.949Z,2025-11-17T10:19:01.960Z,785683.9508949164,MWh,ESTIMATED_GENERAL_PURPOSE_ZONE_MODEL,True,SANDBOX_MODE_DATA
VN,2024-04-16 00:00:00+00:00,2025-11-06T11:15:07.949Z,2025-11-17T10:19:01.960Z,980355.3391911484,MWh,ESTIMATED_GENERAL_PURPOSE_ZONE_MODEL,True,SANDBOX_MODE_DATA
VN,2024-04-17 00:00:00+00:00,2025-11-06T11:15:07.949Z,2025-11-17T10:19:01.960Z,775211.6198898545,MWh,ESTIMATED_GENERAL_PURPOSE_ZONE_MODEL,True,SANDBOX_MODE_DATA
VN,2024-04-18 00:00:00+00:00,2025-11-06T11:15:07.949Z,2025-11-17T10:19:01.960Z,1089244.4562891303,MWh,ESTIMATED_GENERAL_PURPOSE_ZONE_MODEL,True,SANDBOX_MODE_DATA
VN,2024-04-19 00:00:00+00:00,2025-11-06T11:15:07.949Z,2025-11-17T10:19:01.960Z,690521.745979811,MWh,ESTIMATED_GENERAL_PURPOSE_ZONE_MODEL,True,SANDBOX_MODE_DATA
VN,2024-04-20 00:00:00+00:00,2025-11-06T11:15:07.949Z,2025-11-17T10:19:01.960Z,809261.5607390385,MWh,ESTIMATED_GENERAL_PURPOSE_ZONE_MODEL,True,SANDBOX_MODE_DATA
VN,2024-04-21 00:00:00+00:00,2025-11-06T11:15:07.949Z,2025-11-17T10:19:01.960Z,790804.1321022242,MWh,ESTIMATED_GENERAL_PURPOSE_ZONE_MODEL,True,SANDBOX_MODE_DATA
VN,2024-04-22 00:00:00+00:00,2025-11-06T11:15:07.949Z,2025-11-17T10:19:01.960Z,702596.9836707052,MWh,ESTIMATED_GENERAL_PURPOSE_ZONE_MODEL,True,SANDBOX_MODE_DATA
VN,2024-04-23 00:00:00+00:00,2025-11-06T11:15:07.949Z,2025-11-17T10:19:01.960Z,1040832.3234696196,MWh,ESTIMATED_GENERAL_PURPOSE_ZONE_MODEL,True,SANDBOX_MODE_DATA
VN,2024-04-24 00:00:00+00:00,2025-11-06T11:15:07.949Z,2025-11-17T10:19:01.960Z,969016.6492214387,MWh,ESTIMATED_GENERAL_PURPOSE_ZONE_MODEL,True,SANDBOX_MODE_DATA
VN,2024-04-25 00:00:00+00:00,2025-11-06T11:15:07.949Z,2025-11-17T10:19:01.960Z,989363.2856459465,MWh,ESTIMATED_GENERAL_PURPOSE_ZONE_MODEL,True,SANDBOX_MODE_DATA
VN,2024-04-26 00:00:00+00:00,2025-11-06T11:15:07.949Z,2025-11-17T10:19:01.960Z,831697.9135898191,MWh,ESTIMATED_GENERAL_PURPOSE_ZONE_MODEL,True,SANDBOX_MODE_DATA
VN,2024-04-27 00:00:00+00:00,2025-11-06T11:15:07.949Z,2025-11-17T10:19:01.960Z,761576.8955290911,MWh,ESTIMATED_GENERAL_PURPOSE_ZONE_MODEL,True,SANDBOX_MODE_DATA
VN,2024-04-28 00:00:00+00:00,2025-11-06T11:15:07.949Z,2025-11-17T10:19:01.960Z,1031910.8738514843,MWh,ESTIMATED_GENERAL_PURPOSE_ZONE_MODEL,True,SANDBOX_MODE_DATA
VN,2024-04-29 00:00:00+00:00,2025-11-06T11:15:07.949Z,2025-11-17T10:19:01.960Z,1025130.7563132548,MWh,ESTIMATED_GENERAL_PURPOSE_ZONE_MODEL,True,SANDBOX_MODE_DATA
VN,2024-04-30 00:00:00+00:00,2025-11-06T11:15:07.949Z,2025-11-17T10:19:01.960Z,1059871.9719242225,MWh,ESTIMATED_GENERAL_PURPOSE_ZONE_MODEL,True,SANDBOX_MODE_DATA
VN,2024-05-01 00:00:00+00:00,2025-11-06T11:15:07.949Z,2025-11-17T10:19:01.960Z,896713.829278109,MWh,ESTIMATED_GENERAL_PURPOSE_ZONE_MODEL,True,SANDBOX_MODE_DATA
VN,2024-05-02 00:00:00+00:00,2025-11-06T11:15:07.949Z,2025-11-17T10:19:01.960Z,765844.7842463246,MWh,ESTIMATED_GENERAL_PURPOSE_ZONE_MODEL,True,SANDBOX_MODE_DATA
VN,2024-05-03 00:00:00+00:00,2025-11-06T11:15:07.949Z,2025-11-17T10:19:01.960Z,993869.7809580981,MWh,ESTIMATED_GENERAL_PURPOSE_ZONE_MODEL,True,SANDBOX_MODE_DATA
VN,2024-05-04 00:00:00+00:00,2025-11-06T11:15:07.949Z,2025-11-17T10:19:01.960Z,676838.7530023404,MWh,ESTIMATED_GENERAL_PURPOSE_ZONE_MODEL,True,SANDBOX_MODE_DATA
VN,2024-05-05 00:00:00+00:00,2025-11-06T11:15:07.949Z,2025-11-17T10:19:01.960Z,872246.3370203215,MWh,ESTIMATED_GENERAL_PURPOSE_ZONE_MODEL,True,SANDBOX_MODE_DATA
VN,2024-05-06 00:00:00+00:00,2025-11-06T11:15:07.949Z,2025-11-17T10:19:01.960Z,750290.8036107571,MWh,ESTIMATED_GENERAL_PURPOSE_ZONE_MODEL,True,SANDBOX_MODE_DATA
VN,2024-05-07 00:00:00+00:00,2025-11-06T11:15:07.949Z,2025-11-17T10:19:01.960Z,1117601.3137594487,MWh,ESTIMATED_GENERAL_PURPOSE_ZONE_MODEL,True,SANDBOX_MODE_DATA
VN,2024-05-08 00:00:00+00:00,2025-11-06T11:15:07.949Z,2025-11-17T10:19:01.960Z,895864.5353305982,MWh,ESTIMATED_GENERAL_PURPOSE_ZONE_MODEL,True,SANDBOX_MODE_DATA
VN,2024-05-09 00:00:00+00:00,2025-11-06T11:15:07.949Z,2025-11-17T10:19:01.960Z,880155.789584997,MWh,ESTIMATED_GENERAL_PURPOSE_ZONE_MODEL,True,SANDBOX_MODE_DATA
VN,2024-05-10 00:00:00+00:00,2025-11-06T11:15:07.949Z,2025-11-17T10:19:01.960Z,896633.399561991,MWh,ESTIMATED_GENERAL_PURPOSE_ZONE_MODEL,True,SANDBOX_MODE_DATA
VN,2024-05-11 00:00:00+00:00,2025-11-06T11:15:07.949Z,2025-11-17T10:19:01.960Z,991033.1229643357,MWh,ESTIMATED_GENERAL_PURPOSE_ZONE_MODEL,True,SANDBOX_MODE_DATA
VN,2024-05-12 00:00:00+00:00,2025-11-06T11:15:07.949Z,2025-11-17T10:19:01.960Z,889567.0311840037,MWh,ESTIMATED_GENERAL_PURPOSE_ZONE_MODEL,True,SANDBOX_MODE_DATA
VN,2024-05-13 00:00:00+00:00,2025-11-06T11:15:07.949Z,2025-11-17T10:19:01.960Z,840470.4947890107,MWh,ESTIMATED_GENERAL_PURPOSE_ZONE_MODEL,True,SANDBOX_MODE_DATA
VN,2024-05-14 00:00:00+00:00,2025-11-06T11:15:07.949Z,2025-11-17T10:19:01.960Z,841719.6738424996,MWh,ESTIMATED_GENERAL_PURPOSE_ZONE_MODEL,True,SANDBOX_MODE_DATA
VN,2024-05-15 00:00:00+00:00,2025-11-06T11:15:07.949Z,2025-11-17T10:19:01.960Z,917827.5639823718,MWh,ESTIMATED_GENERAL_PURPOSE_ZONE_MODEL,True,SANDBOX_MODE_DATA
VN,2024-05-16 00:00:00+00:00,2025-11-06T11:15:07.949Z,2025-11-17T10:19:01.960Z,944475.3391069293,MWh,ESTIMATED_GENERAL_PURPOSE_ZONE_MODEL,True,SANDBOX_MODE_DATA
VN,2024-05-17 00:00:00+00:00,2025-11-06T11:15:07.949Z,2025-11-17T10:19:01.960Z,862790.5400035623,MWh,ESTIMATED_GENERAL_PURPOSE_ZONE_MODEL,True,SANDBOX_MODE_DATA
VN,2024-05-18 00:00:00+00:00,2025-11-06T11:15:07.949Z,2025-11-17T10:19:01.960Z,990377.6266163597,MWh,ESTIMATED_GENERAL_PURPOSE_ZONE_MODEL,True,SANDBOX_MODE_DATA
VN,2024-05-19 00:00:00+00:00,2025-11-06T11:15:07.949Z,2025-11-17T10:19:01.960Z,910978.5029012014,MWh,ESTIMATED_GENERAL_PURPOSE_ZONE_MODEL,True,SANDBOX_MODE_DATA
VN,2024-05-20 00:00:00+00:00,2025-11-06T11:15:07.949Z,2025-11-17T10:19:01.960Z,751463.8378681971,MWh,ESTIMATED_GENERAL_PURPOSE_ZONE_MODEL,True,SANDBOX_MODE_DATA
VN,2024-05-21 00:00:00+00:00,2025-11-06T11:15:07.949Z,2025-11-17T10:19:01.960Z,738791.151043954,MWh,ESTIMATED_GENERAL_PURPOSE_ZONE_MODEL,True,SANDBOX_MODE_DATA
VN,2024-05-22 00:00:00+00:00,2025-11-06T11:15:07.949Z,2025-11-17T10:19:01.960Z,715777.3147319987,MWh,ESTIMATED_GENERAL_PURPOSE_ZONE_MODEL,True,SANDBOX_MODE_DATA
VN,2024-05-23 00:00:00+00:00,2025-11-06T11:15:07.949Z,2025-11-17T10:19:01.960Z,955969.2304213262,MWh,ESTIMATED_GENERAL_PURPOSE_ZONE_MODEL,True,SANDBOX_MODE_DATA
VN,2024-05-24 00:00:00+00:00,2025-11-06T11:15:07.949Z,2025-11-17T10:19:01.960Z,917389.3146575028,MWh,ESTIMATED_GENERAL_PURPOSE_ZONE_MODEL,True,SANDBOX_MODE_DATA
VN,2024-05-25 00:00:00+00:00,2025-11-06T11:15:07.949Z,2025-11-17T10:19:01.960Z,764094.0995300182,MWh,ESTIMATED_GENERAL_PURPOSE_ZONE_MODEL,True,SANDBOX_MODE_DATA
VN,2024-05-26 00:00:00+00:00,2025-11-06T11:15:07.949Z,2025-11-17T10:19:01.960Z,921878.6925702774,MWh,ESTIMATED_GENERAL_PURPOSE_ZONE_MODEL,True,SANDBOX_MODE_DATA
VN,2024-05-27 00:00:00+00:00,2025-11-06T11:15:07.949Z,2025-11-17T10:19:01.960Z,1028734.829973459,MWh,ESTIMATED_GENERAL_PURPOSE_ZONE_MODEL,True,SANDBOX_MODE_DATA
VN,2024-05-28 00:00:00+00:00,2025-11-06T11:15:07.949Z,2025-11-17T10:19:01.960Z,1033020.4003324553,MWh,ESTIMATED_GENERAL_PURPOSE_ZONE_MODEL,True,SANDBOX_MODE_DATA
VN,2024-05-29 00:00:00+00:00,2025-11-06T11:15:07.949Z,2025-11-17T10:19:01.960Z,992779.8207632418,MWh,ESTIMATED_GENERAL_PURPOSE_ZONE_MODEL,True,SANDBOX_MODE_DATA
VN,2024-05-30 00:00:00+00:00,2025-11-06T11:15:07.949Z,2025-11-17T10:19:01.960Z,901672.5356997893,MWh,ESTIMATED_GENERAL_PURPOSE_ZONE_MODEL,True,SANDBOX_MODE_DATA
VN,2024-05-31 00:00:00+00:00,2025-11-06T11:15:07.949Z,2025-11-17T10:19:01.960Z,652816.7452567162,MWh,ESTIMATED_GENERAL_PURPOSE_ZONE_MODEL,True,SANDBOX_MODE_DATA
VN,2024-06-01 00:00:00+00:00,2025-11-06T11:15:07.949Z,2025-11-17T10:19:01.960Z,675253.6399305211,MWh,ESTIMATED_GENERAL_PURPOSE_ZONE_MODEL,True,SANDBOX_MODE_DATA
VN,2024-06-02 00:00:00+00:00,2025-11-06T11:15:07.949Z,2025-11-17T10:19:01.960Z,778307.3957876523,MWh,ESTIMATED_GENERAL_PURPOSE_ZONE_MODEL,True,SANDBOX_MODE_DATA
VN,2024-06-03 00:00:00+00:00,2025-11-06T11:15:07.949Z,2025-11-17T10:19:01.960Z,751600.104384872,MWh,ESTIMATED_GENERAL_PURPOSE_ZONE_MODEL,True,SANDBOX_MODE_DATA
VN,2024-06-04 00:00:00+00:00,2025-11-06T11:15:07.949Z,2025-11-17T10:19:01.960Z,945293.0214035441,MWh,ESTIMATED_GENERAL_PURPOSE_ZONE_MODEL,True,SANDBOX_MODE_DATA
VN,2024-06-05 00:00:00+00:00,2025-11-06T11:15:07.949Z,2025-11-17T10:19:01.960Z,866444.6829588576,MWh,ESTIMATED_GENERAL_PURPOSE_ZONE_MODEL,True,SANDBOX_MODE_DATA
VN,2024-06-06 00:00:00+00:00,2025-11-06T11:15:07.949Z,2025-11-17T10:19:01.960Z,943561.0903256063,MWh,ESTIMATED_GENERAL_PURPOSE_ZONE_MODEL,True,SANDBOX_MODE_DATA
VN,2024-06-07 00:00:00+00:00,2025-11-06T11:15:07.949Z,2025-11-17T10:19:01.960Z,782920.8122238445,MWh,ESTIMATED_GENERAL_PURPOSE_ZONE_MODEL,True,SANDBOX_MODE_DATA
VN,2024-06-08 00:00:00+00:00,2025-11-06T11:15:07.949Z,2025-11-17T10:19:01.960Z,738421.4384550395,MWh,ESTIMATED_GENERAL_PURPOSE_ZONE_MODEL,True,SANDBOX_MODE_DATA
VN,2024-06-09 00:00:00+00:00,2025-11-06T11:15:07.949Z,2025-11-17T10:19:01.960Z,916083.2431926177,MWh,ESTIMATED_GENERAL_PURPOSE_ZONE_MODEL,True,SANDBOX_MODE_DATA
VN,2024-06-10 00:00:00+00:00,2025-11-06T11:15:07.949Z,2025-11-17T10:19:01.960Z,861909.2578476963,MWh,ESTIMATED_GENERAL_PURPOSE_ZONE_MODEL,True,SANDBOX_MODE_DATA
VN,2024-06-11 00:00:00+00:00,2025-11-06T11:15:07.949Z,2025-11-17T10:19:01.960Z,970432.5387437576,MWh,ESTIMATED_GENERAL_PURPOSE_ZONE_MODEL,True,SANDBOX_MODE_DATA
VN,2024-06-12 00:00:00+00:00,2025-11-06T11:15:07.949Z,2025-11-17T10:19:01.960Z,1078696.7111068761,MWh,ESTIMATED_GENERAL_PURPOSE_ZONE_MODEL,True,SANDBOX_MODE_DATA
VN,2024-06-13 00:00:00+00:00,2025-11-06T11:15:07.949Z,2025-11-17T10:19:01.960Z,1153704.25059095,MWh,ESTIMATED_GENERAL_PURPOSE_ZONE_MODEL,True,SANDBOX_MODE_DATA
VN,2024-06-14 00:00:00+00:00,2025-11-06T11:15:07.949Z,2025-11-17T10:19:01.960Z,1088040.0577953518,MWh,ESTIMATED_GENERAL_PURPOSE_ZONE_MODEL,True,SANDBOX_MODE_DATA
VN,2024-06-15 00:00:00+00:00,2025-11-06T11:15:07.949Z,2025-11-17T10:19:01.960Z,859146.3485531608,MWh,ESTIMATED_GENERAL_PURPOSE_ZONE_MODEL,True,SANDBOX_MODE_DATA
VN,2024-06-16 00:00:00+00:00,2025-11-06T11:15:07.949Z,2025-11-17T10:19:01.960Z,894815.8630001674,MWh,ESTIMATED_GENERAL_PURPOSE_ZONE_MODEL,True,SANDBOX_MODE_DATA
VN,2024-06-17 00:00:00+00:00,2025-11-06T11:15:07.949Z,2025-11-17T10:19:01.960Z,827149.2361634335,MWh,ESTIMATED_GENERAL_PURPOSE_ZONE_MODEL,True,SANDBOX_MODE_DATA
VN,2024-06-18 00:00:00+00:00,2025-11-06T11:15:07.949Z,2025-11-17T10:19:01.960Z,720738.8708290734,MWh,ESTIMATED_GENERAL_PURPOSE_ZONE_MODEL,True,SANDBOX_MODE_DATA
VN,2024-06-19 00:00:00+00:00,2025-11-06T11:15:07.949Z,2025-11-17T10:19:01.960Z,904305.4052929749,MWh,ESTIMATED_GENERAL_PURPOSE_ZONE_MODEL,True,SANDBOX_MODE_DATA
VN,2024-06-20 00:00:00+00:00,2025-11-06T11:15:07.949Z,2025-11-17T10:19:01.960Z,1132368.0396609586,MWh,ESTIMATED_GENERAL_PURPOSE_ZONE_MODEL,True,SANDBOX_MODE_DATA
VN,2024-06-21 00:00:00+00:00,2025-11-06T11:15:07.949Z,2025-11-17T10:19:01.960Z,761570.0029628922,MWh,ESTIMATED_GENERAL_PURPOSE_ZONE_MODEL,True,SANDBOX_MODE_DATA
VN,2024-06-22 00:00:00+00:00,2025-11-06T11:15:07.949Z,2025-11-17T10:19:01.960Z,909265.4928106839,MWh,ESTIMATED_GENERAL_PURPOSE_ZONE_MODEL,True,SANDBOX_MODE_DATA
VN,2024-06-23 00:00:00+00:00,2025-11-06T11:15:07.949Z,2025-11-17T10:19:01.960Z,817993.5482620498,MWh,ESTIMATED_GENERAL_PURPOSE_ZONE_MODEL,True,SANDBOX_MODE_DATA
VN,2024-06-24 00:00:00+00:00,2025-11-06T11:15:07.949Z,2025-11-17T10:19:01.960Z,934532.2338065292,MWh,ESTIMATED_GENERAL_PURPOSE_ZONE_MODEL,True,SANDBOX_MODE_DATA
VN,2024-06-25 00:00:00+00:00,2025-11-06T11:15:07.949Z,2025-11-17T10:19:01.960Z,801936.5474659584,MWh,ESTIMATED_GENERAL_PURPOSE_ZONE_MODEL,True,SANDBOX_MODE_DATA
VN,2024-06-26 00:00:00+00:00,2025-11-06T11:15:07.949Z,2025-11-17T10:19:01.960Z,765479.1738463116,MWh,ESTIMATED_GENERAL_PURPOSE_ZONE_MODEL,True,SANDBOX_MODE_DATA
VN,2024-06-27 00:00:00+00:00,2025-11-06T11:15:07.949Z,2025-11-17T10:19:01.960Z,794409.4449847535,MWh,ESTIMATED_GENERAL_PURPOSE_ZONE_MODEL,True,SANDBOX_MODE_DATA
VN,2024-06-28 00:00:00+00:00,2025-11-06T11:15:07.949Z,2025-11-17T10:19:01.960Z,1140729.2861646798,MWh,ESTIMATED_GENERAL_PURPOSE_ZONE_MODEL,True,SANDBOX_MODE_DATA
VN,2024-06-29 00:00:00+00:00,2025-11-06T11:15:07.949Z,2025-11-17T10:19:01.960Z,752200.2810749343,MWh,ESTIMATED_GENERAL_PURPOSE_ZONE_MODEL,True,SANDBOX_MODE_DATA
VN,2024-06-30 00:00:00+00:00,2025-11-06T11:15:07.949Z,2025-11-17T10:19:01.960Z,929156.7979114931,MWh,ESTIMATED_GENERAL_PURPOSE_ZONE_MODEL,True,SANDBOX_MODE_DATA
VN,2024-07-01 00:00:00+00:00,2025-11-06T11:15:07.949Z,2025-11-17T10:19:01.960Z,966177.66751419,MWh,ESTIMATED_GENERAL_PURPOSE_ZONE_MODEL,True,SANDBOX_MODE_DATA
VN,2024-07-02 00:00:00+00:00,2025-11-06T11:15:07.949Z,2025-11-17T10:19:01.960Z,972836.7792108031,MWh,ESTIMATED_GENERAL_PURPOSE_ZONE_MODEL,True,SANDBOX_MODE_DATA
VN,2024-07-03 00:00:00+00:00,2025-11-06T11:15:07.949Z,2025-11-17T10:19:01.960Z,758846.6969962062,MWh,ESTIMATED_GENERAL_PURPOSE_ZONE_MODEL,True,SANDBOX_MODE_DATA
VN,2024-07-04 00:00:00+00:00,2025-11-06T11:15:07.949Z,2025-11-17T10:19:01.960Z,971677.6080836458,MWh,ESTIMATED_GENERAL_PURPOSE_ZONE_MODEL,True,SANDBOX_MODE_DATA
VN,2024-07-05 00:00:00+00:00,2025-11-06T11:15:07.949Z,2025-11-17T10:19:01.960Z,853036.446074395,MWh,ESTIMATED_GENERAL_PURPOSE_ZONE_MODEL,True,SANDBOX_MODE_DATA
VN,2024-07-06 00:00:00+00:00,2025-11-06T11:15:07.949Z,2025-11-17T10:19:01.960Z,934444.8786488882,MWh,ESTIMATED_GENERAL_PURPOSE_ZONE_MODEL,True,SANDBOX_MODE_DATA
VN,2024-07-07 00:00:00+00:00,2025-11-06T11:15:07.949Z,2025-11-17T10:19:01.960Z,854302.4435601715,MWh,ESTIMATED_GENERAL_PURPOSE_ZONE_MODEL,True,SANDBOX_MODE_DATA
VN,2024-07-08 00:00:00+00:00,2025-11-06T11:15:07.949Z,2025-11-17T10:19:01.960Z,833584.5038331691,MWh,ESTIMATED_GENERAL_PURPOSE_ZONE_MODEL,True,SANDBOX_MODE_DATA
VN,2024-07-09 00:00:00+00:00,2025-11-06T11:15:07.949Z,2025-11-17T10:19:01.960Z,970442.6234994804,MWh,ESTIMATED_GENERAL_PURPOSE_ZONE_MODEL,True,SANDBOX_MODE_DATA
VN,2024-07-10 00:00:00+00:00,2025-11-06T11:15:07.949Z,2025-11-17T10:19:01.960Z,728627.3714981443,MWh,ESTIMATED_GENERAL_PURPOSE_ZONE_MODEL,True,SANDBOX_MODE_DATA
VN,2024-07-11 00:00:00+00:00,2025-11-06T11:15:07.949Z,2025-11-17T10:19:01.960Z,833838.3907194753,MWh,ESTIMATED_GENERAL_PURPOSE_ZONE_MODEL,True,SANDBOX_MODE_DATA
VN,2024-07-12 00:00:00+00:00,2025-11-06T11:15:07.949Z,2025-11-17T10:19:01.960Z,700145.4326058235,MWh,ESTIMATED_GENERAL_PURPOSE_ZONE_MODEL,True,SANDBOX_MODE_DATA
VN,2024-07-13 00:00:00+00:00,2025-11-06T11:15:07.949Z,2025-11-17T10:19:01.960Z,798154.7465608356,MWh,ESTIMATED_GENERAL_PURPOSE_ZONE_MODEL,True,SANDBOX_MODE_DATA
VN,2024-07-14 00:00:00+00:00,2025-11-06T11:15:07.949Z,2025-11-17T10:19:01.960Z,662361.0717368125,MWh,ESTIMATED_GENERAL_PURPOSE_ZONE_MODEL,True,SANDBOX_MODE_DATA
VN,2024-07-15 00:00:00+00:00,2025-11-06T11:15:07.949Z,2025-11-17T10:19:01.960Z,803257.992315619,MWh,ESTIMATED_GENERAL_PURPOSE_ZONE_MODEL,True,SANDBOX_MODE_DATA
VN,2024-07-16 00:00:00+00:00,2025-11-06T11:15:07.949Z,2025-11-17T10:19:01.960Z,882060.0496208332,MWh,ESTIMATED_GENERAL_PURPOSE_ZONE_MODEL,True,SANDBOX_MODE_DATA
VN,2024-07-17 00:00:00+00:00,2025-11-06T11:15:07.949Z,2025-11-17T10:19:01.960Z,995530.2449360422,MWh,ESTIMATED_GENERAL_PURPOSE_ZONE_MODEL,True,SANDBOX_MODE_DATA
VN,2024-07-18 00:00:00+00:00,2025-11-06T11:15:07.949Z,2025-11-17T10:19:01.960Z,902491.215532,MWh,ESTIMATED_GENERAL_PURPOSE_ZONE_MODEL,True,SANDBOX_MODE_DATA
VN,2024-07-19 00:00:00+00:00,2025-11-06T11:15:07.949Z,2025-11-17T10:19:01.960Z,831773.671073673,MWh,ESTIMATED_GENERAL_PURPOSE_ZONE_MODEL,True,SANDBOX_MODE_DATA
VN,2024-07-20 00:00:00+00:00,2025-11-06T11:15:07.949Z,2025-11-17T10:19:01.960Z,851904.7595201936,MWh,ESTIMATED_GENERAL_PURPOSE_ZONE_MODEL,True,SANDBOX_MODE_DATA
VN,2024-07-21 00:00:00+00:00,2025-11-06T11:15:07.949Z,2025-11-17T10:19:01.960Z,612072.2887713324,MWh,ESTIMATED_GENERAL_PURPOSE_ZONE_MODEL,True,SANDBOX_MODE_DATA
VN,2024-07-22 00:00:00+00:00,2025-11-06T11:15:07.949Z,2025-11-17T10:19:01.960Z,756091.9593748063,MWh,ESTIMATED_GENERAL_PURPOSE_ZONE_MODEL,True,SANDBOX_MODE_DATA
VN,2024-07-23 00:00:00+00:00,2025-11-06T11:15:07.949Z,2025-11-17T10:19:01.960Z,1076243.8417829517,MWh,ESTIMATED_GENERAL_PURPOSE_ZONE_MODEL,True,SANDBOX_MODE_DATA
VN,2024-07-24 00:00:00+00:00,2025-11-06T11:15:07.949Z,2025-11-17T10:19:01.960Z,802611.5056562452,MWh,ESTIMATED_GENERAL_PURPOSE_ZONE_MODEL,True,SANDBOX_MODE_DATA
VN,2024-07-25 00:00:00+00:00,2025-11-06T11:15:07.949Z,2025-11-17T10:19:01.960Z,996647.44267785,MWh,ESTIMATED_GENERAL_PURPOSE_ZONE_MODEL,True,SANDBOX_MODE_DATA
VN,2024-07-26 00:00:00+00:00,2025-11-06T11:15:07.949Z,2025-11-17T10:19:01.960Z,750376.7351823205,MWh,ESTIMATED_GENERAL_PURPOSE_ZONE_MODEL,True,SANDBOX_MODE_DATA
VN,2024-07-27 00:00:00+00:00,2025-11-06T11:15:07.949Z,2025-11-17T10:19:01.960Z,947452.8860011727,MWh,ESTIMATED_GENERAL_PURPOSE_ZONE_MODEL,True,SANDBOX_MODE_DATA
VN,2024-07-28 00:00:00+00:00,2025-11-06T11:15:07.949Z,2025-11-17T10:19:01.960Z,585088.1786986673,MWh,ESTIMATED_GENERAL_PURPOSE_ZONE_MODEL,True,SANDBOX_MODE_DATA
VN,2024-07-29 00:00:00+00:00,2025-11-06T11:15:07.949Z,2025-11-17T10:19:01.960Z,789029.9977460621,MWh,ESTIMATED_GENERAL_PURPOSE_ZONE_MODEL,True,SANDBOX_MODE_DATA
VN,2024-07-30 00:00:00+00:00,2025-11-06T11:15:07.949Z,2025-11-17T10:19:01.960Z,788585.5298618522,MWh,ESTIMATED_GENERAL_PURPOSE_ZONE_MODEL,True,SANDBOX_MODE_DATA
VN,2024-07-31 00:00:00+00:00,2025-11-06T11:15:07.949Z,2025-11-17T10:19:01.960Z,647998.4842496766,MWh,ESTIMATED_GENERAL_PURPOSE_ZONE_MODEL,True,SANDBOX_MODE_DATA
VN,2024-08-01 00:00:00+00:00,2025-11-06T11:15:07.949Z,2025-11-17T10:19:01.960Z,932332.0259317545,MWh,ESTIMATED_GENERAL_PURPOSE_ZONE_MODEL,True,SANDBOX_MODE_DATA
VN,2024-08-02 00:00:00+00:00,2025-11-06T11:15:07.949Z,2025-11-17T10:19:01.960Z,856377.2138397165,MWh,ESTIMATED_GENERAL_PURPOSE_ZONE_MODEL,True,SANDBOX_MODE_DATA
VN,2024-08-03 00:00:00+00:00,2025-11-06T11:15:07.949Z,2025-11-17T10:19:01.960Z,835624.1841655937,MWh,ESTIMATED_GENERAL_PURPOSE_ZONE_MODEL,True,SANDBOX_MODE_DATA
VN,2024-08-04 00:00:00+00:00,2025-11-06T11:15:07.949Z,2025-11-17T10:19:01.960Z,689808.9731464447,MWh,ESTIMATED_GENERAL_PURPOSE_ZONE_MODEL,True,SANDBOX_MODE_DATA
VN,2024-08-05 00:00:00+00:00,2025-11-06T11:15:07.949Z,2025-11-17T10:19:01.960Z,748011.4445187538,MWh,ESTIMATED_GENERAL_PURPOSE_ZONE_MODEL,True,SANDBOX_MODE_DATA
VN,2024-08-06 00:00:00+00:00,2025-11-06T11:15:07.949Z,2025-11-17T10:19:01.960Z,1034452.778658056,MWh,ESTIMATED_GENERAL_PURPOSE_ZONE_MODEL,True,SANDBOX_MODE_DATA
VN,2024-08-07 00:00:00+00:00,2025-11-06T11:15:07.949Z,2025-11-17T10:19:01.960Z,966894.882436529,MWh,ESTIMATED_GENERAL_PURPOSE_ZONE_MODEL,True,SANDBOX_MODE_DATA
VN,2024-08-08 00:00:00+00:00,2025-11-06T11:15:07.949Z,2025-11-17T10:19:01.960Z,1002991.8317613386,MWh,ESTIMATED_GENERAL_PURPOSE_ZONE_MODEL,True,SANDBOX_MODE_DATA
VN,2024-08-09 00:00:00+00:00,2025-11-06T11:15:07.949Z,2025-11-17T10:19:01.960Z,858933.0878010734,MWh,ESTIMATED_GENERAL_PURPOSE_ZONE_MODEL,True,SANDBOX_MODE_DATA
VN,2024-08-10 00:00:00+00:00,2025-11-06T11:15:07.949Z,2025-11-17T10:19:01.960Z,663082.5746489379,MWh,ESTIMATED_GENERAL_PURPOSE_ZONE_MODEL,True,SANDBOX_MODE_DATA
VN,2024-08-11 00:00:00+00:00,2025-11-06T11:15:07.949Z,2025-11-17T10:19:01.960Z,823670.9200656707,MWh,ESTIMATED_GENERAL_PURPOSE_ZONE_MODEL,True,SANDBOX_MODE_DATA
VN,2024-08-12 00:00:00+00:00,2025-11-06T11:15:07.949Z,2025-11-17T10:19:01.960Z,646695.4659829087,MWh,ESTIMATED_GENERAL_PURPOSE_ZONE_MODEL,True,SANDBOX_MODE_DATA
VN,2024-08-13 00:00:00+00:00,2025-11-06T11:15:07.949Z,2025-11-17T10:19:01.960Z,874624.3577568233,MWh,ESTIMATED_GENERAL_PURPOSE_ZONE_MODEL,True,SANDBOX_MODE_DATA
VN,2024-08-14 00:00:00+00:00,2025-11-06T11:15:07.949Z,2025-11-17T10:19:01.960Z,699056.9570541052,MWh,ESTIMATED_GENERAL_PURPOSE_ZONE_MODEL,True,SANDBOX_MODE_DATA
VN,2024-08-15 00:00:00+00:00,2025-11-06T11:15:07.949Z,2025-11-17T10:19:01.960Z,1023328.300053379,MWh,ESTIMATED_GENERAL_PURPOSE_ZONE_MODEL,True,SANDBOX_MODE_DATA
VN,2024-08-16 00:00:00+00:00,2025-11-06T11:15:07.949Z,2025-11-17T10:19:01.960Z,803515.9263810156,MWh,ESTIMATED_GENERAL_PURPOSE_ZONE_MODEL,True,SANDBOX_MODE_DATA
VN,2024-08-17 00:00:00+00:00,2025-11-06T11:15:07.949Z,2025-11-17T10:19:01.960Z,747418.5714842627,MWh,ESTIMATED_GENERAL_PURPOSE_ZONE_MODEL,True,SANDBOX_MODE_DATA
VN,2024-08-18 00:00:00+00:00,2025-11-06T11:15:07.949Z,2025-11-17T10:19:01.960Z,750345.5122392144,MWh,ESTIMATED_GENERAL_PURPOSE_ZONE_MODEL,True,SANDBOX_MODE_DATA
VN,2024-08-19 00:00:00+00:00,2025-11-06T11:15:07.949Z,2025-11-17T10:19:01.960Z,975404.5620099943,MWh,ESTIMATED_GENERAL_PURPOSE_ZONE_MODEL,True,SANDBOX_MODE_DATA
VN,2024-08-20 00:00:00+00:00,2025-11-06T11:15:07.949Z,2025-11-17T10:19:01.960Z,901972.4950195475,MWh,ESTIMATED_GENERAL_PURPOSE_ZONE_MODEL,True,SANDBOX_MODE_DATA
VN,2024-08-21 00:00:00+00:00,2025-11-06T11:15:07.949Z,2025-11-17T10:19:01.960Z,799589.695921128,MWh,ESTIMATED_GENERAL_PURPOSE_ZONE_MODEL,True,SANDBOX_MODE_DATA
VN,2024-08-22 00:00:00+00:00,2025-11-06T11:15:07.949Z,2025-11-17T10:19:01.960Z,797682.155847017,MWh,ESTIMATED_GENERAL_PURPOSE_ZONE_MODEL,True,SANDBOX_MODE_DATA
VN,2024-08-23 00:00:00+00:00,2025-11-06T11:15:07.949Z,2025-11-17T10:19:01.960Z,848379.119900956,MWh,ESTIMATED_GENERAL_PURPOSE_ZONE_MODEL,True,SANDBOX_MODE_DATA
VN,2024-08-24 00:00:00+00:00,2025-11-06T11:15:07.949Z,2025-11-17T10:19:01.960Z,815143.9792479537,MWh,ESTIMATED_GENERAL_PURPOSE_ZONE_MODEL,True,SANDBOX_MODE_DATA
VN,2024-08-25 00:00:00+00:00,2025-11-06T11:15:07.949Z,2025-11-17T10:19:01.960Z,704562.9769950326,MWh,ESTIMATED_GENERAL_PURPOSE_ZONE_MODEL,True,SANDBOX_MODE_DATA
VN,2024-08-26 00:00:00+00:00,2025-11-06T11:15:07.949Z,2025-11-17T10:19:01.960Z,960323.4596422891,MWh,ESTIMATED_GENERAL_PURPOSE_ZONE_MODEL,True,SANDBOX_MODE_DATA
VN,2024-08-27 00:00:00+00:00,2025-11-06T11:15:07.949Z,2025-11-17T10:19:01.960Z,943383.8101662094,MWh,ESTIMATED_GENERAL_PURPOSE_ZONE_MODEL,True,SANDBOX_MODE_DATA
VN,2024-08-28 00:00:00+00:00,2025-11-06T11:15:07.949Z,2025-11-17T10:19:01.960Z,731717.3794759637,MWh,ESTIMATED_GENERAL_PURPOSE_ZONE_MODEL,True,SANDBOX_MODE_DATA
VN,2024-08-29 00:00:00+00:00,2025-11-06T11:15:07.949Z,2025-11-17T10:19:01.960Z,683444.2364882731,MWh,ESTIMATED_GENERAL_PURPOSE_ZONE_MODEL,True,SANDBOX_MODE_DATA
VN,2024-08-30 00:00:00+00:00,2025-11-06T11:15:07.949Z,2025-11-17T10:19:01.960Z,649831.8930539516,MWh,ESTIMATED_GENERAL_PURPOSE_ZONE_MODEL,True,SANDBOX_MODE_DATA
VN,2024-08-31 00:00:00+00:00,2025-11-06T11:15:07.949Z,2025-11-17T10:19:01.960Z,815868.7500498397,MWh,ESTIMATED_GENERAL_PURPOSE_ZONE_MODEL,True,SANDBOX_MODE_DATA
VN,2024-09-01 00:00:00+00:00,2025-11-06T11:15:07.949Z,2025-11-17T10:19:01.960Z,821418.1206982783,MWh,ESTIMATED_GENERAL_PURPOSE_ZONE_MODEL,True,SANDBOX_MODE_DATA
VN,2024-09-02 00:00:00+00:00,2025-11-06T11:15:07.949Z,2025-11-17T10:19:01.960Z,817481.9697152675,MWh,ESTIMATED_GENERAL_PURPOSE_ZONE_MODEL,True,SANDBOX_MODE_DATA
VN,2024-09-03 00:00:00+00:00,2025-11-06T11:15:07.949Z,2025-11-17T10:19:01.960Z,1025995.2692315852,MWh,ESTIMATED_GENERAL_PURPOSE_ZONE_MODEL,True,SANDBOX_MODE_DATA
VN,2024-09-04 00:00:00+00:00,2025-11-06T11:15:07.949Z,2025-11-17T10:19:01.960Z,1061803.8581707352,MWh,ESTIMATED_GENERAL_PURPOSE_ZONE_MODEL,True,SANDBOX_MODE_DATA
VN,2024-09-05 00:00:00+00:00,2025-11-06T11:15:07.949Z,2025-11-17T10:19:01.960Z,1067657.9153002698,MWh,ESTIMATED_GENERAL_PURPOSE_ZONE_MODEL,True,SANDBOX_MODE_DATA
VN,2024-09-06 00:00:00+00:00,2025-11-06T11:15:07.949Z,2025-11-17T10:19:01.960Z,974642.8009157613,MWh,ESTIMATED_GENERAL_PURPOSE_ZONE_MODEL,True,SANDBOX_MODE_DATA
VN,2024-09-07 00:00:00+00:00,2025-11-06T11:15:07.949Z,2025-11-17T10:19:01.960Z,856349.3216811738,MWh,ESTIMATED_GENERAL_PURPOSE_ZONE_MODEL,True,SANDBOX_MODE_DATA
VN,2024-09-08 00:00:00+00:00,2025-11-06T11:15:07.949Z,2025-11-17T10:19:01.960Z,638155.2432653039,MWh,ESTIMATED_GENERAL_PURPOSE_ZONE_MODEL,True,SANDBOX_MODE_DATA
VN,2024-09-09 00:00:00+00:00,2025-11-06T11:15:07.949Z,2025-11-17T10:19:01.960Z,773906.3762328171,MWh,ESTIMATED_GENERAL_PURPOSE_ZONE_MODEL,True,SANDBOX_MODE_DATA
VN,2024-09-10 00:00:00+00:00,2025-11-06T11:15:07.949Z,2025-11-17T10:19:01.960Z,894036.9729785749,MWh,ESTIMATED_GENERAL_PURPOSE_ZONE_MODEL,True,SANDBOX_MODE_DATA
VN,2024-09-11 00:00:00+00:00,2025-11-06T11:15:07.949Z,2025-11-17T10:19:01.960Z,772576.9797868722,MWh,ESTIMATED_GENERAL_PURPOSE_ZONE_MODEL,True,SANDBOX_MODE_DATA
VN,2024-09-12 00:00:00+00:00,2025-11-06T11:15:07.949Z,2025-11-17T10:19:01.960Z,958272.7493869568,MWh,ESTIMATED_GENERAL_PURPOSE_ZONE_MODEL,True,SANDBOX_MODE_DATA
VN,2024-09-13 00:00:00+00:00,2025-11-06T11:15:07.949Z,2025-11-17T10:19:01.960Z,854277.8623039398,MWh,ESTIMATED_GENERAL_PURPOSE_ZONE_MODEL,True,SANDBOX_MODE_DATA
VN,2024-09-14 00:00:00+00:00,2025-11-06T11:15:07.949Z,2025-11-17T10:19:01.960Z,861337.3773145493,MWh,ESTIMATED_GENERAL_PURPOSE_ZONE_MODEL,True,SANDBOX_MODE_DATA
VN,2024-09-15 00:00:00+00:00,2025-11-06T11:15:07.949Z,2025-11-17T10:19:01.960Z,702236.4452165375,MWh,ESTIMATED_GENERAL_PURPOSE_ZONE_MODEL,True,SANDBOX_MODE_DATA
VN,2024-09-16 00:00:00+00:00,2025-11-06T11:15:07.949Z,2025-11-17T10:19:01.960Z,782669.0837894658,MWh,ESTIMATED_GENERAL_PURPOSE_ZONE_MODEL,True,SANDBOX_MODE_DATA
VN,2024-09-17 00:00:00+00:00,2025-11-06T11:15:07.949Z,2025-11-17T10:19:01.960Z,1036323.6713668524,MWh,ESTIMATED_GENERAL_PURPOSE_ZONE_MODEL,True,SANDBOX_MODE_DATA
VN,2024-09-18 00:00:00+00:00,2025-11-06T11:15:07.949Z,2025-11-17T10:19:01.960Z,876943.9850149818,MWh,ESTIMATED_GENERAL_PURPOSE_ZONE_MODEL,True,SANDBOX_MODE_DATA
VN,2024-09-19 00:00:00+00:00,2025-11-06T11:15:07.949Z,2025-11-17T10:19:01.960Z,1007602.9733928731,MWh,ESTIMATED_GENERAL_PURPOSE_ZONE_MODEL,True,SANDBOX_MODE_DATA
VN,2024-09-20 00:00:00+00:00,2025-11-06T11:15:07.949Z,2025-11-17T10:19:01.960Z,1083046.1381546643,MWh,ESTIMATED_GENERAL_PURPOSE_ZONE_MODEL,True,SANDBOX_MODE_DATA
VN,2024-09-21 00:00:00+00:00,2025-11-06T11:15:07.949Z,2025-11-17T10:19:01.960Z,1049052.379865958,MWh,ESTIMATED_GENERAL_PURPOSE_ZONE_MODEL,True,SANDBOX_MODE_DATA
VN,2024-09-22 00:00:00+00:00,2025-11-06T11:15:07.949Z,2025-11-17T10:19:01.960Z,979095.3869022919,MWh,ESTIMATED_GENERAL_PURPOSE_ZONE_MODEL,True,SANDBOX_MODE_DATA
VN,2024-09-23 00:00:00+00:00,2025-11-06T11:15:07.949Z,2025-11-17T10:19:01.960Z,914059.4757095071,MWh,ESTIMATED_GENERAL_PURPOSE_ZONE_MODEL,True,SANDBOX_MODE_DATA
VN,2024-09-24 00:00:00+00:00,2025-11-06T11:15:07.949Z,2025-11-17T10:19:01.960Z,1009191.157834675,MWh,ESTIMATED_GENERAL_PURPOSE_ZONE_MODEL,True,SANDBOX_MODE_DATA
VN,2024-09-25 00:00:00+00:00,2025-11-06T11:15:07.949Z,2025-11-17T10:19:01.960Z,851052.7079139873,MWh,ESTIMATED_GENERAL_PURPOSE_ZONE_MODEL,True,SANDBOX_MODE_DATA
VN,2024-09-26 00:00:00+00:00,2025-11-06T11:15:07.949Z,2025-11-17T10:19:01.960Z,725127.7957836566,MWh,ESTIMATED_GENERAL_PURPOSE_ZONE_MODEL,True,SANDBOX_MODE_DATA
VN,2024-09-27 00:00:00+00:00,2025-11-06T11:15:07.949Z,2025-11-17T10:19:01.960Z,878030.9907979326,MWh,ESTIMATED_GENERAL_PURPOSE_ZONE_MODEL,True,SANDBOX_MODE_DATA
VN,2024-09-28 00:00:00+00:00,2025-11-06T11:15:07.949Z,2025-11-17T10:19:01.960Z,1069130.2327713454,MWh,ESTIMATED_GENERAL_PURPOSE_ZONE_MODEL,True,SANDBOX_MODE_DATA
VN,2024-09-29 00:00:00+00:00,2025-11-06T11:15:07.949Z,2025-11-17T10:19:01.960Z,707479.38696642,MWh,ESTIMATED_GENERAL_PURPOSE_ZONE_MODEL,True,SANDBOX_MODE_DATA
VN,2024-09-30 00:00:00+00:00,2025-11-06T11:15:07.949Z,2025-11-17T10:19:01.960Z,989704.6646168258,MWh,ESTIMATED_GENERAL_PURPOSE_ZONE_MODEL,True,SANDBOX_MODE_DATA
VN,2024-10-01 00:00:00+00:00,2025-11-06T11:15:07.949Z,2025-11-17T10:19:01.960Z,770877.6724550148,MWh,ESTIMATED_GENERAL_PURPOSE_ZONE_MODEL,True,SANDBOX_MODE_DATA
VN,2024-10-02 00:00:00+00:00,2025-11-06T11:15:07.949Z,2025-11-17T10:19:01.960Z,815426.6175312685,MWh,ESTIMATED_GENERAL_PURPOSE_ZONE_MODEL,True,SANDBOX_MODE_DATA
VN,2024-10-03 00:00:00+00:00,2025-11-06T11:15:07.949Z,2025-11-17T10:19:01.960Z,684498.662721731,MWh,ESTIMATED_GENERAL_PURPOSE_ZONE_MODEL,True,SANDBOX_MODE_DATA
VN,2024-10-04 00:00:00+00:00,2025-11-06T11:15:07.949Z,2025-11-17T10:19:01.960Z,639898.1322344549,MWh,ESTIMATED_GENERAL_PURPOSE_ZONE_MODEL,True,SANDBOX_MODE_DATA
VN,2024-10-05 00:00:00+00:00,2025-11-06T11:15:07.949Z,2025-11-17T10:19:01.960Z,637852.0077480215,MWh,ESTIMATED_GENERAL_PURPOSE_ZONE_MODEL,True,SANDBOX_MODE_DATA
VN,2024-10-06 00:00:00+00:00,2025-11-06T11:15:07.949Z,2025-11-17T10:19:01.960Z,890253.889257208,MWh,ESTIMATED_GENERAL_PURPOSE_ZONE_MODEL,True,SANDBOX_MODE_DATA
VN,2024-10-07 00:00:00+00:00,2025-11-06T11:15:07.949Z,2025-11-17T10:19:01.960Z,684674.6370666586,MWh,ESTIMATED_GENERAL_PURPOSE_ZONE_MODEL,True,SANDBOX_MODE_DATA
VN,2024-10-08 00:00:00+00:00,2025-11-06T11:15:07.949Z,2025-11-17T10:19:01.960Z,898662.5491225615,MWh,ESTIMATED_GENERAL_PURPOSE_ZONE_MODEL,True,SANDBOX_MODE_DATA
VN,2024-10-09 00:00:00+00:00,2025-11-06T11:15:07.949Z,2025-11-17T10:19:01.960Z,916464.6244137468,MWh,ESTIMATED_GENERAL_PURPOSE_ZONE_MODEL,True,SANDBOX_MODE_DATA
VN,2024-10-10 00:00:00+00:00,2025-11-06T11:15:07.949Z,2025-11-17T10:19:01.960Z,887078.1111025825,MWh,ESTIMATED_GENERAL_PURPOSE_ZONE_MODEL,True,SANDBOX_MODE_DATA
VN,2024-10-11 00:00:00+00:00,2025-11-06T11:15:07.949Z,2025-11-17T10:19:01.960Z,695053.740729741,MWh,ESTIMATED_GENERAL_PURPOSE_ZONE_MODEL,True,SANDBOX_MODE_DATA
VN,2024-10-12 00:00:00+00:00,2025-11-06T11:15:07.949Z,2025-11-17T10:19:01.960Z,843803.9459951699,MWh,ESTIMATED_GENERAL_PURPOSE_ZONE_MODEL,True,SANDBOX_MODE_DATA
VN,2024-10-13 00:00:00+00:00,2025-11-06T11:15:07.949Z,2025-11-17T10:19:01.960Z,721752.2842866909,MWh,ESTIMATED_GENERAL_PURPOSE_ZONE_MODEL,True,SANDBOX_MODE_DATA
VN,2024-10-14 00:00:00+00:00,2025-11-06T11:15:07.949Z,2025-11-17T10:19:01.960Z,886083.7948310958,MWh,ESTIMATED_GENERAL_PURPOSE_ZONE_MODEL,True,SANDBOX_MODE_DATA
VN,2024-10-15 00:00:00+00:00,2025-11-06T11:15:07.949Z,2025-11-17T10:19:01.960Z,844948.28417055,MWh,ESTIMATED_GENERAL_PURPOSE_ZONE_MODEL,True,SANDBOX_MODE_DATA
VN,2024-10-16 00:00:00+00:00,2025-11-06T11:15:07.949Z,2025-11-17T10:19:01.960Z,771635.0956261492,MWh,ESTIMATED_GENERAL_PURPOSE_ZONE_MODEL,True,SANDBOX_MODE_DATA
VN,2024-10-17 00:00:00+00:00,2025-11-06T11:15:07.949Z,2025-11-17T10:19:01.960Z,893032.0896715288,MWh,ESTIMATED_GENERAL_PURPOSE_ZONE_MODEL,True,SANDBOX_MODE_DATA
VN,2024-10-18 00:00:00+00:00,2025-11-06T11:15:07.949Z,2025-11-17T10:19:01.960Z,658520.5518957409,MWh,ESTIMATED_GENERAL_PURPOSE_ZONE_MODEL,True,SANDBOX_MODE_DATA
VN,2024-10-19 00:00:00+00:00,2025-11-06T11:15:07.949Z,2025-11-17T10:19:01.960Z,726048.8642242848,MWh,ESTIMATED_GENERAL_PURPOSE_ZONE_MODEL,True,SANDBOX_MODE_DATA
VN,2024-10-20 00:00:00+00:00,2025-11-06T11:15:07.949Z,2025-11-17T10:19:01.960Z,617139.8148735024,MWh,ESTIMATED_GENERAL_PURPOSE_ZONE_MODEL,True,SANDBOX_MODE_DATA
VN,2024-10-21 00:00:00+00:00,2025-11-06T11:15:07.949Z,2025-11-17T10:19:01.960Z,785420.9078974585,MWh,ESTIMATED_GENERAL_PURPOSE_ZONE_MODEL,True,SANDBOX_MODE_DATA
VN,2024-10-22 00:00:00+00:00,2025-11-06T11:15:07.949Z,2025-11-17T10:19:01.960Z,701670.2050434577,MWh,ESTIMATED_GENERAL_PURPOSE_ZONE_MODEL,True,SANDBOX_MODE_DATA
VN,2024-10-23 00:00:00+00:00,2025-11-06T11:15:07.949Z,2025-11-17T10:19:01.960Z,766393.5710148299,MWh,ESTIMATED_GENERAL_PURPOSE_ZONE_MODEL,True,SANDBOX_MODE_DATA
VN,2024-10-24 00:00:00+00:00,2025-11-06T11:15:07.949Z,2025-11-17T10:19:01.960Z,839654.6322204592,MWh,ESTIMATED_GENERAL_PURPOSE_ZONE_MODEL,True,SANDBOX_MODE_DATA
VN,2024-10-25 00:00:00+00:00,2025-11-06T11:15:07.949Z,2025-11-17T10:19:01.960Z,938946.3315813382,MWh,ESTIMATED_GENERAL_PURPOSE_ZONE_MODEL,True,SANDBOX_MODE_DATA
VN,2024-10-26 00:00:00+00:00,2025-11-06T11:15:07.949Z,2025-11-17T10:19:01.960Z,801940.3165827312,MWh,ESTIMATED_GENERAL_PURPOSE_ZONE_MODEL,True,SANDBOX_MODE_DATA
VN,2024-10-27 00:00:00+00:00,2025-11-06T11:15:07.949Z,2025-11-17T10:19:01.960Z,732468.0836094073,MWh,ESTIMATED_GENERAL_PURPOSE_ZONE_MODEL,True,SANDBOX_MODE_DATA
VN,2024-10-28 00:00:00+00:00,2025-11-06T11:15:07.949Z,2025-11-17T10:19:01.960Z,857171.4343025945,MWh,ESTIMATED_GENERAL_PURPOSE_ZONE_MODEL,True,SANDBOX_MODE_DATA
VN,2024-10-29 00:00:00+00:00,2025-11-06T11:15:07.949Z,2025-11-17T10:19:01.960Z,639012.537251672,MWh,ESTIMATED_GENERAL_PURPOSE_ZONE_MODEL,True,SANDBOX_MODE_DATA
VN,2024-10-30 00:00:00+00:00,2025-11-06T11:15:07.949Z,2025-11-17T10:19:01.960Z,712692.2737508066,MWh,ESTIMATED_GENERAL_PURPOSE_ZONE_MODEL,True,SANDBOX_MODE_DATA
VN,2024-10-31 00:00:00+00:00,2025-11-06T11:15:07.949Z,2025-11-17T10:19:01.960Z,1007316.0394822394,MWh,ESTIMATED_GENERAL_PURPOSE_ZONE_MODEL,True,SANDBOX_MODE_DATA
VN,2024-11-01 00:00:00+00:00,2025-11-06T11:15:07.949Z,2025-11-17T10:19:01.960Z,799353.8862537723,MWh,ESTIMATED_GENERAL_PURPOSE_ZONE_MODEL,True,SANDBOX_MODE_DATA
VN,2024-11-02 00:00:00+00:00,2025-11-06T11:15:07.949Z,2025-11-17T10:19:01.960Z,944194.4136536341,MWh,ESTIMATED_GENERAL_PURPOSE_ZONE_MODEL,True,SANDBOX_MODE_DATA
VN,2024-11-03 00:00:00+00:00,2025-11-06T11:15:07.949Z,2025-11-17T10:19:01.960Z,706532.3705942746,MWh,ESTIMATED_GENERAL_PURPOSE_ZONE_MODEL,True,SANDBOX_MODE_DATA
VN,2024-11-04 00:00:00+00:00,2025-11-06T11:15:07.949Z,2025-11-17T10:19:01.960Z,1092852.5808713203,MWh,ESTIMATED_GENERAL_PURPOSE_ZONE_MODEL,True,SANDBOX_MODE_DATA
VN,2024-11-05 00:00:00+00:00,2025-11-06T11:15:07.949Z,2025-11-17T10:19:01.960Z,729819.6633879915,MWh,ESTIMATED_GENERAL_PURPOSE_ZONE_MODEL,True,SANDBOX_MODE_DATA
VN,2024-11-06 00:00:00+00:00,2025-11-06T11:15:07.949Z,2025-11-17T10:19:01.960Z,930476.1933587727,MWh,ESTIMATED_GENERAL_PURPOSE_ZONE_MODEL,True,SANDBOX_MODE_DATA
VN,2024-11-07 00:00:00+00:00,2025-11-06T11:15:07.949Z,2025-11-17T10:19:01.960Z,933834.8410301071,MWh,ESTIMATED_GENERAL_PURPOSE_ZONE_MODEL,True,SANDBOX_MODE_DATA
VN,2024-11-08 00:00:00+00:00,2025-11-06T11:15:07.949Z,2025-11-17T10:19:01.960Z,747912.5703123545,MWh,ESTIMATED_GENERAL_PURPOSE_ZONE_MODEL,True,SANDBOX_MODE_DATA
VN,2024-11-09 00:00:00+00:00,2025-11-06T11:15:07.949Z,2025-11-17T10:19:01.960Z,1034833.8646344687,MWh,ESTIMATED_GENERAL_PURPOSE_ZONE_MODEL,True,SANDBOX_MODE_DATA
VN,2024-11-10 00:00:00+00:00,2025-11-06T11:15:07.949Z,2025-11-17T10:19:01.960Z,922217.4747191764,MWh,ESTIMATED_GENERAL_PURPOSE_ZONE_MODEL,True,SANDBOX_MODE_DATA
VN,2024-11-11 00:00:00+00:00,2025-11-06T11:15:07.949Z,2025-11-17T10:19:01.960Z,1024148.776139216,MWh,ESTIMATED_GENERAL_PURPOSE_ZONE_MODEL,True,SANDBOX_MODE_DATA
VN,2024-11-12 00:00:00+00:00,2025-11-06T11:15:07.949Z,2025-11-17T10:19:01.960Z,888744.20328439,MWh,ESTIMATED_GENERAL_PURPOSE_ZONE_MODEL,True,SANDBOX_MODE_DATA
VN,2024-11-13 00:00:00+00:00,2025-11-06T11:15:07.949Z,2025-11-17T10:19:01.960Z,880540.8638557883,MWh,ESTIMATED_GENERAL_PURPOSE_ZONE_MODEL,True,SANDBOX_MODE_DATA
VN,2024-11-14 00:00:00+00:00,2025-11-06T11:15:07.949Z,2025-11-17T10:19:01.960Z,1204691.2913006514,MWh,ESTIMATED_GENERAL_PURPOSE_ZONE_MODEL,True,SANDBOX_MODE_DATA
VN,2024-11-15 00:00:00+00:00,2025-11-06T11:15:07.949Z,2025-11-17T10:19:01.960Z,1086402.5484407297,MWh,ESTIMATED_GENERAL_PURPOSE_ZONE_MODEL,True,SANDBOX_MODE_DATA
VN,2024-11-16 00:00:00+00:00,2025-11-06T11:15:07.949Z,2025-11-17T10:19:01.960Z,1078286.1637607624,MWh,ESTIMATED_GENERAL_PURPOSE_ZONE_MODEL,True,SANDBOX_MODE_DATA
VN,2024-11-17 00:00:00+00:00,2025-11-06T11:15:07.949Z,2025-11-17T10:19:01.960Z,915858.6203785479,MWh,ESTIMATED_GENERAL_PURPOSE_ZONE_MODEL,True,SANDBOX_MODE_DATA
VN,2024-11-18 00:00:00+00:00,2025-11-06T11:15:07.949Z,2025-11-17T10:19:01.960Z,826519.66581841,MWh,ESTIMATED_GENERAL_PURPOSE_ZONE_MODEL,True,SANDBOX_MODE_DATA
VN,2024-11-19 00:00:00+00:00,2025-11-06T11:15:07.949Z,2025-11-17T10:19:01.960Z,1098773.3636038187,MWh,ESTIMATED_GENERAL_PURPOSE_ZONE_MODEL,True,SANDBOX_MODE_DATA
VN,2024-11-20 00:00:00+00:00,2025-11-06T11:15:07.949Z,2025-11-17T10:19:01.960Z,794498.0050128287,MWh,ESTIMATED_GENERAL_PURPOSE_ZONE_MODEL,True,SANDBOX_MODE_DATA
VN,2024-11-21 00:00:00+00:00,2025-11-06T11:15:07.949Z,2025-11-17T10:19:01.960Z,1048512.4200601643,MWh,ESTIMATED_GENERAL_PURPOSE_ZONE_MODEL,True,SANDBOX_MODE_DATA
VN,2024-11-22 00:00:00+00:00,2025-11-06T11:15:07.949Z,2025-11-17T10:19:01.960Z,828408.3049068768,MWh,ESTIMATED_GENERAL_PURPOSE_ZONE_MODEL,True,SANDBOX_MODE_DATA
VN,2024-11-23 00:00:00+00:00,2025-11-06T11:15:07.949Z,2025-11-17T10:19:01.960Z,1125818.8190803183,MWh,ESTIMATED_GENERAL_PURPOSE_ZONE_MODEL,True,SANDBOX_MODE_DATA
VN,2024-11-24 00:00:00+00:00,2025-11-06T11:15:07.949Z,2025-11-17T10:19:01.960Z,846835.1339562837,MWh,ESTIMATED_GENERAL_PURPOSE_ZONE_MODEL,True,SANDBOX_MODE_DATA
VN,2024-11-25 00:00:00+00:00,2025-11-06T11:15:07.949Z,2025-11-17T10:19:01.960Z,899450.001253582,MWh,ESTIMATED_GENERAL_PURPOSE_ZONE_MODEL,True,SANDBOX_MODE_DATA
VN,2024-11-26 00:00:00+00:00,2025-11-06T11:15:07.949Z,2025-11-17T10:19:01.960Z,952842.1521297458,MWh,ESTIMATED_GENERAL_PURPOSE_ZONE_MODEL,True,SANDBOX_MODE_DATA
VN,2024-11-27 00:00:00+00:00,2025-11-06T11:15:07.949Z,2025-11-17T10:19:01.960Z,1151616.1407880113,MWh,ESTIMATED_GENERAL_PURPOSE_ZONE_MODEL,True,SANDBOX_MODE_DATA
VN,2024-11-28 00:00:00+00:00,2025-11-06T11:15:07.949Z,2025-11-17T10:19:01.960Z,1066424.0674252815,MWh,ESTIMATED_GENERAL_PURPOSE_ZONE_MODEL,True,SANDBOX_MODE_DATA
VN,2024-11-29 00:00:00+00:00,2025-11-06T11:15:07.949Z,2025-11-17T10:19:01.960Z,917301.7168444693,MWh,ESTIMATED_GENERAL_PURPOSE_ZONE_MODEL,True,SANDBOX_MODE_DATA
VN,2024-11-30 00:00:00+00:00,2025-11-06T11:15:07.949Z,2025-11-17T10:19:01.960Z,853686.7689120111,MWh,ESTIMATED_GENERAL_PURPOSE_ZONE_MODEL,True,SANDBOX_MODE_DATA
VN,2024-12-01 00:00:00+00:00,2025-11-06T11:15:07.949Z,2025-11-17T10:19:01.960Z,852758.2977627558,MWh,ESTIMATED_GENERAL_PURPOSE_ZONE_MODEL,True,SANDBOX_MODE_DATA
VN,2024-12-02 00:00:00+00:00,2025-11-06T11:15:07.949Z,2025-11-17T10:19:01.960Z,948407.9233517182,MWh,ESTIMATED_GENERAL_PURPOSE_ZONE_MODEL,True,SANDBOX_MODE_DATA
VN,2024-12-03 00:00:00+00:00,2025-11-06T11:15:07.949Z,2025-11-17T10:19:01.960Z,866979.5160501159,MWh,ESTIMATED_GENERAL_PURPOSE_ZONE_MODEL,True,SANDBOX_MODE_DATA
VN,2024-12-04 00:00:00+00:00,2025-11-06T11:15:07.949Z,2025-11-17T10:19:01.960Z,1084009.5950313942,MWh,ESTIMATED_GENERAL_PURPOSE_ZONE_MODEL,True,SANDBOX_MODE_DATA
VN,2024-12-05 00:00:00+00:00,2025-11-06T11:15:07.949Z,2025-11-17T10:19:01.960Z,1029929.234175666,MWh,ESTIMATED_GENERAL_PURPOSE_ZONE_MODEL,True,SANDBOX_MODE_DATA
VN,2024-12-06 00:00:00+00:00,2025-11-06T11:15:07.949Z,2025-11-17T10:19:01.960Z,789923.9831520686,MWh,ESTIMATED_GENERAL_PURPOSE_ZONE_MODEL,True,SANDBOX_MODE_DATA
VN,2024-12-07 00:00:00+00:00,2025-11-06T11:15:07.949Z,2025-11-17T10:19:01.960Z,713371.5093821334,MWh,ESTIMATED_GENERAL_PURPOSE_ZONE_MODEL,True,SANDBOX_MODE_DATA
VN,2024-12-08 00:00:00+00:00,2025-11-06T11:15:07.949Z,2025-11-17T10:19:01.960Z,662697.670021161,MWh,ESTIMATED_GENERAL_PURPOSE_ZONE_MODEL,True,SANDBOX_MODE_DATA
VN,2024-12-09 00:00:00+00:00,2025-11-06T11:15:07.949Z,2025-11-17T10:19:01.960Z,941205.5138017193,MWh,ESTIMATED_GENERAL_PURPOSE_ZONE_MODEL,True,SANDBOX_MODE_DATA
VN,2024-12-10 00:00:00+00:00,2025-11-06T11:15:07.949Z,2025-11-17T10:19:01.960Z,948396.8128263288,MWh,ESTIMATED_GENERAL_PURPOSE_ZONE_MODEL,True,SANDBOX_MODE_DATA
VN,2024-12-11 00:00:00+00:00,2025-11-06T11:15:07.949Z,2025-11-17T10:19:01.960Z,834225.5656201992,MWh,ESTIMATED_GENERAL_PURPOSE_ZONE_MODEL,True,SANDBOX_MODE_DATA
VN,2024-12-12 00:00:00+00:00,2025-11-06T11:15:07.949Z,2025-11-17T10:19:01.960Z,1017642.1274641834,MWh,ESTIMATED_GENERAL_PURPOSE_ZONE_MODEL,True,SANDBOX_MODE_DATA
VN,2024-12-13 00:00:00+00:00,2025-11-06T11:15:07.949Z,2025-11-17T10:19:01.960Z,1014216.8850502124,MWh,ESTIMATED_GENERAL_PURPOSE_ZONE_MODEL,True,SANDBOX_MODE_DATA
VN,2024-12-14 00:00:00+00:00,2025-11-06T11:15:07.949Z,2025-11-17T10:19:01.960Z,955190.0030241515,MWh,ESTIMATED_GENERAL_PURPOSE_ZONE_MODEL,True,SANDBOX_MODE_DATA
VN,2024-12-15 00:00:00+00:00,2025-11-06T11:15:07.949Z,2025-11-17T10:19:01.960Z,829925.8073682619,MWh,ESTIMATED_GENERAL_PURPOSE_ZONE_MODEL,True,SANDBOX_MODE_DATA
VN,2024-12-16 00:00:00+00:00,2025-11-06T11:15:07.949Z,2025-11-17T10:19:01.960Z,866968.7417482589,MWh,ESTIMATED_GENERAL_PURPOSE_ZONE_MODEL,True,SANDBOX_MODE_DATA
VN,2024-12-17 00:00:00+00:00,2025-11-06T11:15:07.949Z,2025-11-17T10:19:01.960Z,699660.5495825317,MWh,ESTIMATED_GENERAL_PURPOSE_ZONE_MODEL,True,SANDBOX_MODE_DATA
VN,2024-12-18 00:00:00+00:00,2025-11-06T11:15:07.949Z,2025-11-17T10:19:01.960Z,756046.1592539027,MWh,ESTIMATED_GENERAL_PURPOSE_ZONE_MODEL,True,SANDBOX_MODE_DATA
VN,2024-12-19 00:00:00+00:00,2025-11-06T11:15:07.949Z,2025-11-17T10:19:01.960Z,861892.2455283254,MWh,ESTIMATED_GENERAL_PURPOSE_ZONE_MODEL,True,SANDBOX_MODE_DATA
VN,2024-12-20 00:00:00+00:00,2025-11-06T11:15:07.949Z,2025-11-17T10:19:01.960Z,755758.9796418195,MWh,ESTIMATED_GENERAL_PURPOSE_ZONE_MODEL,True,SANDBOX_MODE_DATA
VN,2024-12-21 00:00:00+00:00,2025-11-06T11:15:07.949Z,2025-11-17T10:19:01.960Z,854686.1124560809,MWh,ESTIMATED_GENERAL_PURPOSE_ZONE_MODEL,True,SANDBOX_MODE_DATA
VN,2024-12-22 00:00:00+00:00,2025-11-06T11:15:07.949Z,2025-11-17T10:19:01.960Z,743526.1847323935,MWh,ESTIMATED_GENERAL_PURPOSE_ZONE_MODEL,True,SANDBOX_MODE_DATA
VN,2024-12-23 00:00:00+00:00,2025-11-06T11:15:07.949Z,2025-11-17T10:19:01.960Z,879690.7358600887,MWh,ESTIMATED_GENERAL_PURPOSE_ZONE_MODEL,True,SANDBOX_MODE_DATA
VN,2024-12-24 00:00:00+00:00,2025-11-06T11:15:07.949Z,2025-11-17T10:19:01.960Z,751305.6513635826,MWh,ESTIMATED_GENERAL_PURPOSE_ZONE_MODEL,True,SANDBOX_MODE_DATA
VN,2024-12-25 00:00:00+00:00,2025-11-06T11:15:07.949Z,2025-11-17T10:19:01.960Z,752730.9317268704,MWh,ESTIMATED_GENERAL_PURPOSE_ZONE_MODEL,True,SANDBOX_MODE_DATA
VN,2024-12-26 00:00:00+00:00,2025-11-06T11:15:07.949Z,2025-11-17T10:19:01.960Z,999650.5411076464,MWh,ESTIMATED_GENERAL_PURPOSE_ZONE_MODEL,True,SANDBOX_MODE_DATA
VN,2024-12-27 00:00:00+00:00,2025-11-06T11:15:07.949Z,2025-11-17T10:19:01.960Z,813671.6121642059,MWh,ESTIMATED_GENERAL_PURPOSE_ZONE_MODEL,True,SANDBOX_MODE_DATA
VN,2024-12-28 00:00:00+00:00,2025-11-06T11:15:07.949Z,2025-11-17T10:19:01.960Z,874933.3377162823,MWh,ESTIMATED_GENERAL_PURPOSE_ZONE_MODEL,True,SANDBOX_MODE_DATA
VN,2024-12-29 00:00:00+00:00,2025-11-06T11:15:07.949Z,2025-11-17T10:19:01.960Z,955711.345284675,MWh,ESTIMATED_GENERAL_PURPOSE_ZONE_MODEL,True,SANDBOX_MODE_DATA
VN,2024-12-30 00:00:00+00:00,2025-11-06T11:15:07.949Z,2025-11-17T10:19:01.960Z,1059385.4118183248,MWh,ESTIMATED_GENERAL_PURPOSE_ZONE_MODEL,True,SANDBOX_MODE_DATA
